"species","behavior","region","num_hosts","p_host_shared","behavior_reg","Restricted_niche","Occupied_niche","Unexploited_niche","Centroid_shift","Environmental_shift","Niche_dissimilarity","Restricted_spatial","Occupied_spatial","Unexploited_spatial"
"Amphiprion_bicinctus","generalist","Red_Sea_and_Gulf_of_Aden",6,0.75,"generalist",0,1,0.511724960254372,0.0334657074661904,0.0236520679693605,0.044005441215055,0.000385951370127364,0.999614048629873,0.116171617161716
"Amphiprion_frenatus","specialist","Warm_Temperate_Northwest_Pacific",1,0.5,"specialist",0.192782995551162,0.807217004448838,0.304958501808895,0.589429433303454,0.0861408397973964,0.375400546821751,0.0875,0.9125,-Inf
"Amphiprion_polymnus","generalist","Warm_Temperate_Northwest_Pacific",1,0.5,"specialist",0.0811744386873921,0.918825561312608,0.426105717367853,0.320106229771335,0.0241631868629719,0.281779386485975,0.146666666666667,0.853333333333333,-Inf
"Amphiprion_clarkii","generalist","Warm_Temperate_Northwest_Pacific",2,1,"specialist",0.0620563780166295,0.937943621983371,0.0446188803966122,0.670333424439199,0.0118102532698877,0.297522842426553,0.407626561472715,0.592373438527285,-Inf
"Amphiprion_ocellaris","specialist","Warm_Temperate_Northwest_Pacific",0,0,"specialist",1,0,NA,NA,NA,NA,1,0,NA
"Amphiprion_bicinctus","generalist","Somali_Arabian",4,1,"generalist",0,1,0.669369551996757,0.0250222226303995,0.00881519778118385,0.0424973196306004,0,1,0.611799217731421
"Amphiprion_clarkii","generalist","Somali_Arabian",4,1,"generalist",0.0430744912072713,0.956925508792729,0.0182444759781066,0.390062069959724,0.127601207153798,0.203707395843261,0.235723771580345,0.764276228419655,-0.125488917861799
"Amphiprion_omanensis","specialist","Somali_Arabian",1,0.25,"specialist",0.080172679617638,0.919827320382362,0.33593054318789,0.538565297212223,0.0616916522722645,0.350732893516666,0.0656356092040739,0.934364390795926,-24.1923076923077
"Amphiprion_sebae","generalist","Somali_Arabian",4,1,"generalist",0.0121039515841937,0.987896048415806,0.437461990675046,0.420467838538861,0.0173720866055661,0.202455814440282,0.00215982721382289,0.997840172786177,0.244458930899609
"Amphiprion_perideraion","specialist","South_Kuroshio",2,0.2,"specialist",0.0961203483768804,0.90387965162312,0.0443663150845471,0.077353416248741,0.00407537247683486,0.123932318548233,0.486301369863014,0.513698630136986,0.324324324324324
"Amphiprion_frenatus","specialist","South_Kuroshio",1,0.1,"specialist",0.0881771451166469,0.911822854883353,0.0376964807344554,0.31897557121479,0.122316702937182,0.266365362149291,0.0192307692307692,0.980769230769231,-Inf
"Amphiprion_clarkii","generalist","South_Kuroshio",10,1,"generalist",0.0334984358706986,0.966501564129301,0.0236998025016458,0.0387856536466034,0.0158881976694478,0.0716457077064176,0.230263157894737,0.769736842105263,0.198630136986301
"Amphiprion_ocellaris","specialist","South_Kuroshio",2,0.2,"specialist",0.185295713510581,0.814704286489419,0.0353356890459364,0.208968830843333,0.1156295765513,0.177053959255856,0.168918918918919,0.831081081081081,0
"Amphiprion_polymnus","generalist","South_Kuroshio",3,0.3,"generalist",0.00352319436288902,0.996476805637111,0.302029064984919,0.00752358097900825,0.00431609818517086,0.071843553684017,0,1,0.680851063829787
"Amphiprion_sandaracinos","specialist","South_Kuroshio",2,0.2,"specialist",0.270332776564307,0.729667223435693,0.0402230860233226,0.336849878227316,0.107598865043399,0.239200026460221,0.251533742331288,0.748466257668712,-0.0517241379310345
"Amphiprion_clarkii","generalist","Tropical_Northwestern_Pacific",5,1,"generalist",0.00177896375361352,0.998221036246386,0.0753861997940268,0.0851944130311592,0.0071438483521654,0.131957415770587,0.0884353741496599,0.91156462585034,0.0884353741496599
"Amphiprion_chrysopterus","generalist","Tropical_Northwestern_Pacific",3,0.6,"generalist",0,1,0.327692942633099,0.0320998841641278,0.0033648319840745,0.126258204069873,0,1,0.0138888888888888
"Premnas_biaculeatus","specialist","Tropical_Northwestern_Pacific",1,0.2,"specialist",0,1,0.559766763848397,0.131736033520107,0.00540183190414453,0.183220446479747,0.147058823529412,0.852941176470588,-3.64
"Amphiprion_ocellaris","specialist","Tropical_Northwestern_Pacific",1,0.2,"specialist",0.0742718446601942,0.925728155339806,0.0615157480314961,0.0895973704967143,0.0114742316447007,0.234404347267701,0,1,0
"Amphiprion_melanopus","specialist","Tropical_Northwestern_Pacific",2,0.4,"specialist",0.00197677291821102,0.998023227081789,0.158892128279883,0.0303713494026045,0.00326538460127818,0.184335460186686,0.033112582781457,0.966887417218543,-0.106060606060606
"Amphiprion_perideraion","specialist","Tropical_Northwestern_Pacific",1,0.2,"specialist",0.322073114298936,0.677926885701064,0.0223556890223557,0.00752021441037034,0.000496214575632742,0.260318687169623,0.283870967741935,0.716129032258065,0.159090909090909
"Amphiprion_clarkii","generalist","West_and_South_Indian_Shelf",6,1,"generalist",0.0300779126653379,0.969922087334662,0.0592267135325132,0.0943106429955745,0.0188139383682819,0.0921955621014345,0.154498351389543,0.845501648610457,0.141969407265774
"Amphiprion_sebae","generalist","West_and_South_Indian_Shelf",3,0.5,"generalist",0.0325762789630649,0.967423721036935,0.229771689497717,0.450602607913085,0.0405398455450763,0.199487167218854,0.0136557610241821,0.986344238975818,-0.100290697674419
"Amphiprion_akallopisos","specialist","West_and_South_Indian_Shelf",2,0.333333333333333,"specialist",0.000310752019888129,0.999689247980112,0.360564500099384,0.113184493624092,0.0263798449499688,0.0994424297184742,0.0109272556977833,0.989072744302217,0.158804643121758
"Amphiprion_nigripes","specialist","West_and_South_Indian_Shelf",1,0.166666666666667,"specialist",0,1,0.782414307004471,0.129101913361747,0.00977354141079308,0.152510792047152,0.0283185840707965,0.971681415929204,0.844519966015293
"Amphiprion_perideraion","specialist","South_China_Sea",1,0.2,"specialist",0.0555073720728534,0.944492627927147,0.0784203102961918,0.123293780500491,0.0724428340993461,0.196567711609763,0.511920656112912,0.488079343887088,0.272804774083546
"Amphiprion_ocellaris","specialist","South_China_Sea",2,0.4,"specialist",0.0198283515833087,0.980171648416691,0.0948346542771249,0.170365297290489,0.0418470769826523,0.176562047002326,0.0269821502698215,0.973017849730178,0.0912967629385539
"Amphiprion_clarkii","generalist","South_China_Sea",5,1,"generalist",0.0302877334679455,0.969712266532055,0.0178936605316974,0.0875982485179196,0.0556396411001035,0.135195455364376,0.247998637370124,0.752001362629876,0.149161688186549
"Amphiprion_polymnus","generalist","South_China_Sea",2,0.4,"specialist",0,1,0.298439181916039,0.159914566627209,0.0105501737293252,0.152133765005496,0.196650459211237,0.803349540788763,0.477801268498943
"Amphiprion_frenatus","specialist","South_China_Sea",1,0.2,"specialist",0.00113186191284663,0.998868138087153,0.0920781893004116,0.29570663948128,0.153221222485632,0.291182699340925,0.00163250498820969,0.99836749501179,-3.57522859517872
"Amphiprion_sandaracinos","specialist","South_China_Sea",0,0,"specialist",1,0,NA,NA,NA,NA,1,0,NA
"Amphiprion_clarkii","generalist","Western_Coral_Triangle",10,1,"generalist",0.00305872756933116,0.996941272430669,0.037219377707759,0.0322953786300675,0.000477056841791556,0.0671150937046311,0.00539750365455977,0.99460249634544,0.00562113546936482
"Amphiprion_sandaracinos","specialist","Western_Coral_Triangle",2,0.2,"specialist",0.0640126668174621,0.935987333182538,0.102775368603643,0.187161527791641,0.0337780293638035,0.169760036001589,0.00191312176457349,0.998086878235427,0.00191312176457348
"Amphiprion_ocellaris","specialist","Western_Coral_Triangle",2,0.2,"specialist",0.021668219944082,0.978331780055918,0.118597816960537,0.132095169627917,0.0140816389923101,0.149492654992068,0.000225682690137666,0.999774317309862,0.00303712035995496
"Amphiprion_percula","specialist","Western_Coral_Triangle",2,0.2,"specialist",0.00269343780607248,0.997306562193928,0.14504617968094,0.177929634429613,0.0204419527576322,0.167508620742742,0,1,0.00146231721034873
"Amphiprion_polymnus","generalist","Western_Coral_Triangle",3,0.3,"generalist",0.00639599555061179,0.993604004449388,0.246996838777661,0.110041094563361,0.0239371523010452,0.142739553384489,0.0265038027195206,0.973496197280479,0.00200779496870207
"Premnas_biaculeatus","specialist","Western_Coral_Triangle",1,0.1,"specialist",0.0232371794871795,0.97676282051282,0.23970893970894,0.195162895723654,0.0435445514392882,0.212111592164213,0.0217366434046448,0.978263356595355,-4.62195923734385
"Amphiprion_frenatus","specialist","Western_Coral_Triangle",1,0.1,"specialist",0.0234517304189435,0.976548269581056,0.108316008316008,0.115571092852928,0.0306096758136029,0.222987768335961,0.00124223602484472,0.998757763975155,-4.81459566074951
"Amphiprion_perideraion","specialist","Western_Coral_Triangle",2,0.2,"specialist",0.0481666305055327,0.951833369494467,0.0270569971168774,0.070960475955594,0.00922046269329382,0.153244621318714,0.0311621104736191,0.968837889526381,0.0214748324054085
"Amphiprion_melanopus","specialist","Western_Coral_Triangle",2,0.2,"specialist",0.0184847101780009,0.981515289821999,0.110812487078768,0.0615050650717541,0.00921997958956781,0.148809284588804,0.00273037542662116,0.997269624573379,-0.0167089191057848
"Amphiprion_chrysopterus","generalist","Western_Coral_Triangle",5,0.5,"generalist",0,1,0.23281990521327,0.0289974018885346,0.00360330245523163,0.0715724362201459,0.000379266750948167,0.999620733249052,0.0648210668467252
"Amphiprion_sebae","generalist","Western_Coral_Triangle",6,0.6,"generalist",0.00620547000689497,0.993794529993105,0.125934910046493,0.246010334738997,0.0171646164854991,0.155832112999583,0.000226346763241286,0.999773653236759,-0.0169724770642201
"Premnas_biaculeatus","specialist","Andaman",1,0.142857142857143,"specialist",0.0147432638535841,0.985256736146416,0.204433497536946,0.180373667981522,0.0386628851695334,0.214874587387497,0.0483168316831683,0.951683168316832,-3.93429158110883
"Amphiprion_akallopisos","specialist","Andaman",2,0.285714285714286,"specialist",0,1,0.325217391304348,0.0297599392011923,0.00533339513637656,0.107920507710555,0.00588730025231287,0.994112699747687,0.0688784709700685
"Amphiprion_clarkii","generalist","Andaman",7,1,"generalist",0.0203168685927307,0.979683131407269,0.0391224862888483,0.0378593355417892,0.000966468445719172,0.0801944302441103,0.102900552486188,0.897099447513812,0.0691508419921175
"Amphiprion_ocellaris","specialist","Andaman",2,0.285714285714286,"specialist",0.0428698356286095,0.957130164371391,0.140434869339717,0.117117392705912,0.0151896809989651,0.142283564966133,0.0524625267665953,0.947537473233405,-0.00680786686838131
"Amphiprion_polymnus","generalist","Andaman",1,0.142857142857143,"specialist",0.00214304848647201,0.997856951513528,0.295708073359803,0.0939376927844968,0.0195539283678686,0.201856561577086,0.0227848101265823,0.977215189873418,-1.51243243243243
"Amphiprion_frenatus","specialist","Andaman",1,0.142857142857143,"specialist",0.0148042024832856,0.985195797516714,0.15311986863711,0.112584797339582,0.0317701895720887,0.216614758230994,0.00936680404645935,0.990633195953541,-4.42915811088296
"Amphiprion_ephippium","specialist","Andaman",1,0.142857142857143,"specialist",0.00667678300455235,0.993323216995448,0.32820197044335,0.236172587982623,0.053919164995057,0.222025316702801,0.0161095449053564,0.983890455094644,-4.03901437371663
"Amphiprion_sebae","generalist","Andaman",3,0.428571428571429,"generalist",0.0327582864896298,0.96724171351037,0.0738678544914625,0.298079121045517,0.0260183897817981,0.210953045112343,0.019614711033275,0.980385288966725,-0.102675059008655
"Amphiprion_perideraion","specialist","Andaman",2,0.285714285714286,"specialist",0.026197122611123,0.973802877388877,0.0458657689880075,0.0764436220869814,0.0100789421262213,0.149385151671946,0.109261939218524,0.890738060781476,0.0541682673837879
"Amphiprion_chagosensis","generalist","Central_Indian_Ocean_Islands",4,0.571428571428571,"generalist",0.0336581045172719,0.966341895482728,0.518003092555776,0.713007319899397,0.0375104627072955,0.30929013804003,0,1,0.1859410430839
"Amphiprion_clarkii","generalist","Central_Indian_Ocean_Islands",7,1,"generalist",0.0122959982114912,0.987704001788509,0.0336832895888014,0.0405695042934293,0.0052700639481781,0.0936005554859799,0.0784313725490196,0.92156862745098,0.074398249452954
"Amphiprion_akallopisos","specialist","Central_Indian_Ocean_Islands",2,0.285714285714286,"specialist",0.00104931794333683,0.998950682056663,0.352821210061183,0.0702734430656463,0.00957004335857357,0.132368060300674,0.0147783251231527,0.985221674876847,0.0340136054421769
"Amphiprion_nigripes","specialist","Central_Indian_Ocean_Islands",1,0.142857142857143,"specialist",0.0801457194899818,0.919854280510018,0.383243771372741,0.287715246960348,0.00938933274117493,0.25045607040023,0.010840108401084,0.989159891598916,0.134117647058824
"Amphiprion_sebae","generalist","Central_Indian_Ocean_Islands",3,0.428571428571429,"generalist",0.0225988700564972,0.977401129943503,0.349911582670203,0.287084675735754,0.0181982573941059,0.265122099402156,0.0050251256281407,0.994974874371859,-0.0100755667506298
"Amphiprion_perideraion","specialist","Sunda_Shelf",2,0.2,"specialist",0.0111350574712644,0.988864942528736,0.015379113018598,0.0205733640481315,0.00911146406485393,0.0850951301956436,0.00595796584725089,0.994042034152749,0.00502441773102935
"Amphiprion_polymnus","generalist","Sunda_Shelf",3,0.3,"generalist",0,1,0.109011627906977,0.118496999722796,0.000754449971164298,0.106820081895387,0.000524558893657606,0.999475441106342,0.0071620411817368
"Amphiprion_frenatus","specialist","Sunda_Shelf",1,0.1,"specialist",0.000765110941086458,0.999234889058914,0.0946273830155979,0.221486291915842,0.0186068741885411,0.200830503133017,0.000234907211651398,0.999765092788349,-9.37037037037037
"Amphiprion_ocellaris","specialist","Sunda_Shelf",2,0.2,"specialist",0.0531004989308624,0.946899501069138,0.0425225225225225,0.123085348838016,0.0295939300775974,0.0999630680433536,0.00230025349732419,0.997699746502676,0.0017368445758813
"Premnas_biaculeatus","specialist","Sunda_Shelf",1,0.1,"specialist",0,1,0.180589254766031,0.144394495576508,0.00502870963517595,0.184612168171022,0.00264026402640264,0.997359735973597,-9.30896686159844
"Amphiprion_clarkii","generalist","Sunda_Shelf",10,1,"generalist",0.00930072338959697,0.990699276610403,0.0137174211248285,0.0120266535492562,0.00467698099439398,0.0311239565478363,0.00126665415650216,0.998733345843498,0.00253010354683036
"Amphiprion_melanopus","specialist","Sunda_Shelf",2,0.2,"specialist",0.0065123010130246,0.993487698986975,0.0481802426343154,0.0355550204626587,0.00038073015957079,0.107401155045608,0.000750821210699202,0.999249178789301,-4.69615854230554e-05
"Amphiprion_sandaracinos","specialist","Sunda_Shelf",2,0.2,"specialist",0,1,0.0691582256374432,0.120631366129506,0.0225113616528599,0.107792162697817,0.00037583388142441,0.999624166118576,0.00295206410196336
"Amphiprion_sebae","generalist","Sunda_Shelf",6,0.6,"generalist",0.00260223048327138,0.997397769516729,0.0745084511900655,0.116810306960389,0.0211930539790534,0.0750482725831472,0.000188049457007193,0.999811950542993,0.000234708726470467
"Amphiprion_melanopus","specialist","Marshall__Gilbert_and_Ellis_Islands",2,0.333333333333333,"specialist",0.038723667905824,0.961276332094176,0.360601689676489,0.200427344397997,0.0163283749484761,0.210776085822531,0.01875,0.98125,-0.135714285714286
"Amphiprion_tricinctus","generalist","Marshall__Gilbert_and_Ellis_Islands",4,0.666666666666667,"generalist",0.0650082140342643,0.934991785965736,0.214046162951272,0.440910527037362,0.0217785419416658,0.26859074338492,0.00602409638554217,0.993975903614458,-0.121621621621622
"Amphiprion_chrysopterus","generalist","Marshall__Gilbert_and_Ellis_Islands",4,0.666666666666667,"generalist",0.0013986013986014,0.998601398601399,0.577264653641208,0.0893409908274986,0.00895822809816376,0.103559562696155,0.00684931506849315,0.993150684931507,0.0134228187919463
"Amphiprion_perideraion","specialist","Marshall__Gilbert_and_Ellis_Islands",2,0.333333333333333,"specialist",0.0556418219461698,0.94435817805383,0.124099855976956,0.146816387781549,0.0126088385249127,0.203591501540602,0.153846153846154,0.846153846153846,0.0272108843537415
"Amphiprion_allardi","generalist","Western_Indian_Ocean",6,0.75,"generalist",0,1,0.423260437375745,0.02170788123988,0.00403992417838997,0.0260217679622374,0.00342736620089639,0.996572633799104,0.117338801549328
"Amphiprion_akallopisos","specialist","Western_Indian_Ocean",2,0.25,"specialist",0.00977517106549365,0.990224828934506,0.17775974025974,0.114403910208432,0.0365687167262759,0.092137034611337,0.00184599156118143,0.998154008438819,0.0383299110198494
"Amphiprion_latifasciatus","generalist","Western_Indian_Ocean",5,0.625,"generalist",0,1,0.456932564153571,0.0645558538139375,0.00329676294824954,0.0395890766533318,0.0179028132992327,0.982097186700767,0.382614647501711
"Amphiprion_chrysogaster","generalist","Western_Indian_Ocean",3,0.375,"generalist",0,1,0.59996005592171,0.284598677682583,0.0261733480737672,0.145069718102121,0.000905797101449275,0.999094202898551,0.538672142368241
"Amphiprion_fuscocaudatus","generalist","Western_Indian_Ocean",5,0.625,"generalist",0,1,0.721471172962227,0.0947168625055504,0.0539145827635021,0.045043409054035,0.00868232890704801,0.991317671092952,0.544998860788334
"Amphiprion_chrysopterus","generalist","Central_Polynesia",2,0.666666666666667,"specialist",0.0802662490211433,0.919733750978857,0.374267448055408,0.128353107653975,0.0140963705412634,0.153180792323579,0,1,0.0689655172413793
"Amphiprion_melanopus","specialist","Central_Polynesia",0,0,"specialist",1,0,NA,NA,NA,NA,1,0,NA
"Amphiprion_perideraion","specialist","Central_Polynesia",1,0.333333333333333,"specialist",0.0663071065989848,0.933692893401015,0.10519914867741,0.0958186772430068,0.00832422910631295,0.208105899806972,0.275862068965517,0.724137931034483,-0.166666666666667
"Amphiprion_clarkii","generalist","Eastern_Coral_Triangle",10,1,"generalist",0.0266666666666667,0.973333333333333,0.00303490136570561,0.00964366410978621,0.00021649843531308,0.0469138366673744,0.0140625,0.9859375,0.00941915227629508
"Premnas_biaculeatus","specialist","Eastern_Coral_Triangle",1,0.1,"specialist",0.0210404624277457,0.978959537572254,0.128088962108731,0.476663298583882,0.0546567892677747,0.243846417661235,0.0399680255795364,0.960031974420464,-39.0333333333333
"Amphiprion_chrysopterus","generalist","Eastern_Coral_Triangle",5,0.5,"generalist",0,1,0.113282732447818,0.0271758638471284,0.000322777687116869,0.06230503264788,0,1,0.0321821036106751
"Amphiprion_leucokranos","generalist","Eastern_Coral_Triangle",3,0.3,"generalist",0,1,0.34105582985188,0.187446809521495,0.0143582695966254,0.137171014770707,0.00184842883548983,0.99815157116451,0.137362637362637
"Amphiprion_melanopus","specialist","Eastern_Coral_Triangle",2,0.2,"specialist",0.0166210814222596,0.98337891857774,0.0517346317711503,0.0795124482827607,0.00171698467662199,0.154067429696911,0.00323624595469256,0.996763754045307,0.00159489633173848
"Amphiprion_percula","specialist","Eastern_Coral_Triangle",2,0.2,"specialist",0.000194363459669582,0.99980563654033,0.0239089184060721,0.0436554616863909,0.00141881059094829,0.147090702775336,0,1,-0.00470957613814749
"Amphiprion_sandaracinos","specialist","Eastern_Coral_Triangle",2,0.2,"specialist",0.022002694207454,0.977997305792546,0.116250760803408,0.189772298129968,0.0274086985698959,0.159540007282171,0.00426621160409556,0.995733788395904,0.0832678711704635
"Amphiprion_perideraion","specialist","Eastern_Coral_Triangle",2,0.2,"specialist",0.0168720379146919,0.983127962085308,0.00954927425515661,0.0537183087079392,0.010573650214987,0.147329674186243,0.0304449648711944,0.969555035128806,0.022816679779701
"Amphiprion_polymnus","generalist","Eastern_Coral_Triangle",3,0.3,"generalist",0.000649210127677992,0.999350789872322,0.0474422442244224,0.1549280316073,0.0236095833087783,0.121115906476225,0.00573770491803279,0.994262295081967,0.00571428571428567
"Premnas_biaculeatus","specialist","Java_Transitional",1,0.125,"specialist",0.00378534847472723,0.996214651525273,0.265955701394586,0.223093916561817,0.00466302275893674,0.175784590294395,0.0751565762004175,0.924843423799583,-Inf
"Amphiprion_ocellaris","specialist","Java_Transitional",2,0.25,"specialist",0.040126913027249,0.959873086972751,0.211679950950337,0.157239509903073,0.0411231198381319,0.126114542103501,0.0325670498084291,0.967432950191571,0.107773851590106
"Amphiprion_clarkii","generalist","Java_Transitional",8,1,"generalist",0.000309597523219814,0.99969040247678,0.0986741102581996,0.026428413495106,9.46550314660467e-05,0.0468747928853219,0.096045197740113,0.903954802259887,0.173838209982788
"Amphiprion_akallopisos","specialist","Java_Transitional",2,0.25,"specialist",0,1,0.308215925280988,0.0226525241929291,0.0052570392120973,0.100405159335376,0.00847457627118644,0.991525423728814,0.132038834951456
"Amphiprion_sandaracinos","specialist","Java_Transitional",2,0.25,"specialist",0.035151054531636,0.964848945468364,0.135217983651226,0.0674150308875632,0.013053539115104,0.110602240115149,0.0655737704918033,0.934426229508197,0.0058139534883721
"Amphiprion_frenatus","specialist","Java_Transitional",1,0.125,"specialist",0.0138863841298467,0.986113615870153,0.102871205906481,0.174358708426496,0.0444050925872817,0.199669378974353,0.0147329650092081,0.985267034990792,-Inf
"Amphiprion_sebae","generalist","Java_Transitional",5,0.625,"generalist",0,1,0.300043296290951,0.0992702757576386,0.0157040456343519,0.0757333821705777,0,1,0.154804270462633
"Amphiprion_melanopus","specialist","Java_Transitional",2,0.25,"specialist",0.036612875238591,0.963387124761409,0.0923655386627432,0.0815580495464354,0.0235221348426671,0.12764154705535,0.0175097276264591,0.982490272373541,-0.0181086519114688
"Amphiprion_perideraion","specialist","Java_Transitional",2,0.25,"specialist",0.0406328059950042,0.959367194004996,0.0263647118472199,0.0853338345681854,0.0169668835798236,0.105271007898533,0.175182481751825,0.824817518248175,0.0923694779116466
"Amphiprion_rubrocinctus","specialist","Sahul_Shelf",1,0.125,"specialist",0,1,0.668795791846703,0.0137932862676412,0.00422280349652063,0.103340757256366,0.00255707762557078,0.997442922374429,-Inf
"Amphiprion_percula","specialist","Sahul_Shelf",1,0.125,"specialist",0.00106769165065129,0.998932308349349,0.0782266009852217,0.195045923650918,0.0308063639353011,0.253108345024065,0,1,0.0112498374300949
"Amphiprion_melanopus","specialist","Sahul_Shelf",2,0.25,"specialist",0,1,0.0730105105105106,0.0487726215258472,0.0333702652631856,0.112607776351684,0.00019690207403518,0.999803097925965,0.000654065014062399
"Amphiprion_clarkii","generalist","Sahul_Shelf",8,1,"generalist",0.000191497510532363,0.999808502489468,0.0211848518935133,0.00343775172495479,0.00221920257993944,0.0384531742493126,0.0126014939915557,0.987398506008444,0.0149050612403603
"Amphiprion_ocellaris","specialist","Sahul_Shelf",1,0.125,"specialist",0.0228346456692913,0.977165354330709,0.021871921182266,0.413109005813305,0.14443205057164,0.239890872871293,0.0068208392880343,0.993179160711966,0.00565743269605934
"Amphiprion_perideraion","specialist","Sahul_Shelf",1,0.125,"specialist",0.0238934586760674,0.976106541323933,0.0206327372764786,0.0942974309835287,0.0790728948816936,0.167364059802712,0.0350729335494327,0.964927066450567,0.0264896330695271
"Premnas_biaculeatus","specialist","Sahul_Shelf",1,0.125,"specialist",0,1,0.207401841067067,0.225858991741219,0.16414007728967,0.177330490709624,0.0254046166091802,0.97459538339082,-Inf
"Amphiprion_akindynos","generalist","Sahul_Shelf",4,0.5,"generalist",0,1,0.242492492492492,0.054855883778847,0.0168594873024353,0.0673526599538306,0.00517002839874754,0.994829971601252,0.0928118254954543
"Amphiprion_akindynos","generalist","Northeast_Australian_Shelf",6,0.6,"generalist",0,1,0.0199296600234466,0.0841343703374287,0.0111308607159917,0.0455189232392128,0.0053717839977382,0.994628216002262,0.00255174369152256
"Amphiprion_melanopus","specialist","Northeast_Australian_Shelf",2,0.2,"specialist",0,1,0.0234741784037559,0.0461379664269836,0.0164948164133853,0.0949327205908402,0,1,0.000567054153671642
"Amphiprion_percula","specialist","Northeast_Australian_Shelf",2,0.2,"specialist",0.000615384615384615,0.999384615384615,0.029868578255675,0.0609633466059494,0.0221314910869685,0.108173446325013,0,1,0
"Premnas_biaculeatus","specialist","Northeast_Australian_Shelf",1,0.1,"specialist",0.010529779532741,0.989470220467259,0.098621103117506,0.185348128213532,0.0563391892038334,0.163939980560813,0.0247204237786933,0.975279576221307,-Inf
"Amphiprion_chrysopterus","generalist","Northeast_Australian_Shelf",5,0.5,"generalist",0,1,0.0808909730363423,0.0134410760870253,0.00591171929290506,0.0275525399042282,0,1,0.0175786787638219
"Amphiprion_clarkii","generalist","Northeast_Australian_Shelf",10,1,"generalist",0,1,0.00556858147713946,0.0360191733641841,0.00995573997311183,0.0216074949498475,0.0127551020408163,0.987244897959184,0.0191495353421571
"Amphiprion_perideraion","specialist","Northeast_Australian_Shelf",2,0.2,"specialist",0,1,0.0161432345171705,0.0405370322760598,0.0167002759124155,0.0805984878578294,0.0491477272727273,0.950852272727273,0.0510348738304508
"Amphiprion_polymnus","generalist","Northeast_Australian_Shelf",3,0.3,"generalist",0,1,0.0916568742655699,0.208712727418258,0.13856220186505,0.108420592031169,0,1,0.26843910806175
"Amphiprion_chrysopterus","generalist","Tropical_Southwestern_Pacific",5,0.625,"generalist",0.00322645694696511,0.996773543053035,0.00583266291230888,0.0102411408074796,0.00391809417521406,0.052516006218874,0.000826446280991736,0.999173553719008,0
"Amphiprion_akindynos","generalist","Tropical_Southwestern_Pacific",6,0.75,"generalist",0.00349214267897231,0.996507857321028,0.196823482106956,0.0823685709532778,0.0298730143431219,0.0809954510759964,0.00335289186923722,0.996647108130763,0.0173410404624278
"Amphiprion_perideraion","specialist","Tropical_Southwestern_Pacific",2,0.25,"specialist",0.0048661800486618,0.995133819951338,0.00647773279352226,0.0423950898766306,0.0135670035778616,0.0982157413873962,0.0353618421052632,0.964638157894737,0.0313790255986788
"Premnas_biaculeatus","specialist","Tropical_Southwestern_Pacific",1,0.125,"specialist",0.00199600798403194,0.998003992015968,0.190611088628086,0.0462137020197608,0.0135719256168138,0.17791636294533,0.0614574187884109,0.938542581211589,-Inf
"Amphiprion_melanopus","specialist","Tropical_Southwestern_Pacific",2,0.25,"specialist",0.00441855794336212,0.995581442056638,0.00100765820233772,0.0812833326774974,0.0128447123407572,0.128583681549474,0.00164744645799012,0.99835255354201,-0.000825763831544091
"Amphiprion_percula","specialist","Tropical_Southwestern_Pacific",2,0.25,"specialist",0.0107158165452207,0.989284183454779,0.065208586472256,0.0696482513094734,0.0327280427023051,0.13307593558621,0,1,0.0115511551155115
"Amphiprion_barberi","generalist","Tropical_Southwestern_Pacific",3,0.375,"generalist",0,1,0.437840016119283,0.0380812750232594,0.0180665821118397,0.0434797012399274,0.0150987224157956,0.984901277584204,0.274979355904211
"Amphiprion_pacificus","specialist","Tropical_Southwestern_Pacific",1,0.125,"specialist",0,1,0.861922141119221,0.130756705093907,0.057509721445033,0.0879709432670623,0.0206896551724138,0.979310344827586,0.850632911392405
"Amphiprion_rubrocinctus","specialist","Northwest_Australian_Shelf",1,0.1,"specialist",0,1,0.652724968314322,0.0248128283090604,0.00783036367023085,0.122740349158004,0.00822669104204753,0.991773308957952,-32.5151515151515
"Amphiprion_clarkii","generalist","Northwest_Australian_Shelf",10,1,"generalist",0,1,0.00568660488626793,0.00425810422564417,0.000639833127530112,0.029539059326447,0.0065359477124183,0.993464052287582,0.00712589073634207
"Amphiprion_perideraion","specialist","Northwest_Australian_Shelf",2,0.2,"specialist",0.000424628450106157,0.999575371549894,0.00696055684454755,0.0217860930772732,0.0122589493485402,0.096913703781615,0.0210807600950119,0.978919239904988,0.0202080237741457
"Amphiprion_sandaracinos","specialist","Northwest_Australian_Shelf",2,0.2,"specialist",0,1,0.110267763019186,0.0946031918331384,0.00246371581263776,0.110058817574736,0,1,0.00861045130641325
"Amphiprion_ocellaris","specialist","Northwest_Australian_Shelf",2,0.2,"specialist",0.000214224507283633,0.999785775492716,0.0149852258336851,0.188923992079294,0.0483803076627818,0.108357095873273,0.000297000297000297,0.999702999703,0.00059382422802845
"Premnas_biaculeatus","specialist","Northwest_Australian_Shelf",1,0.1,"specialist",0,1,0.190536544148711,0.154264834723999,0.0537631403031585,0.181531861022856,0.0473300970873786,0.952669902912621,-46.5757575757576
"Amphiprion_chrysopterus","generalist","Southeast_Polynesia",3,0.75,"generalist",0.0249549781322357,0.975045021867764,0.00655307994757537,0.0543356122538059,2.6625094717812e-05,0.100091482086143,0.00917431192660551,0.990825688073395,0
"Amphiprion_percula","specialist","Southeast_Polynesia",1,0.25,"specialist",0.0239298059026855,0.976070194097315,0.0329293993677555,0.0967648002687976,0.0111464115620971,0.18090995375631,0,1,-0.0377358490566038
"Amphiprion_clarkii","generalist","West_Central_Australian_Shelf",4,1,"generalist",0,1,0.112880748556639,0.020788566301943,0.00325654864824212,0.0479044438914263,0.0375722543352601,0.96242774566474,0.156962025316456
"Amphiprion_perideraion","specialist","West_Central_Australian_Shelf",0,0,"specialist",1,0,NA,NA,NA,NA,1,0,NA
"Amphiprion_perideraion","specialist","East_Central_Australian_Shelf",1,0.125,"specialist",0.187813402218508,0.812186597781492,0.00779654724336365,0.0931494683099666,0.0228116020731649,0.195898455815617,0.395755305867665,0.604244694132335,0.333333333333333
"Amphiprion_melanopus","specialist","East_Central_Australian_Shelf",2,0.25,"specialist",0.00125339461040318,0.998746605389597,0.281484821160204,0.0306118217024794,0.00752655565383689,0.110458080518827,0.00429799426934097,0.995702005730659,0.0165289256198347
"Amphiprion_akindynos","generalist","East_Central_Australian_Shelf",4,0.5,"generalist",0,1,0.229225509142262,0.0286775517694257,0.00431689210091708,0.0559207687319894,0.0226666666666667,0.977333333333333,0.0291390728476821
"Amphiprion_latezonatus","generalist","East_Central_Australian_Shelf",4,0.5,"generalist",0.00759392486011191,0.992406075139888,0.259137699537521,0.0847398172120248,0.00919523478650325,0.0846545840533633,0.0265604249667995,0.973439575033201,0.0440985732814526
"Amphiprion_percula","specialist","East_Central_Australian_Shelf",1,0.125,"specialist",0.00166320166320166,0.998336798336798,0.595859282948998,0.0736650466300359,0.0181379615615271,0.166986683994343,0,1,0.271076523994812
"Amphiprion_mccullochi","specialist","Lord_Howe_and_Norfolk_Islands",1,0.5,"specialist",0.244761904761905,0.755238095238095,0,0.284066735532494,0.0506802050856026,0.331237939788973,0.416666666666667,0.583333333333333,-Inf
"Amphiprion_latezonatus","generalist","Lord_Howe_and_Norfolk_Islands",2,1,"specialist",0.664228237015362,0.335771762984638,0.855296343001261,0.222373670682889,0.00914468644114832,0.71458154548969,1,0,NA
